{"cameraMode":{"drawMode":0,"name":"Shaded","section":"Shading Mode"},"sceneLighting":true,"audioPlay":false,"sceneViewState":{"showFog":true,"showMaterialUpdate":false,"showSkybox":true,"showFlares":true,"showImageEffects":true,"showParticleSystems":true},"in2DMode":false,"pivot":{"x":-6.182243347167969,"y":3.1410300731658937,"z":-3.0965917110443117},"rotation":{"x":-0.26726827025413515,"y":-0.4821721017360687,"z":0.1572805643081665,"w":-0.8193581104278565},"size":12.769634246826172,"orthographic":false}