{"cameraMode":{"drawMode":0,"name":"Shaded","section":"Shading Mode"},"sceneLighting":true,"audioPlay":false,"sceneViewState":{"showFog":true,"showMaterialUpdate":false,"showSkybox":true,"showFlares":true,"showImageEffects":true,"showParticleSystems":true},"in2DMode":false,"pivot":{"x":0.7205276489257813,"y":1.4578323364257813,"z":0.29742002487182619},"rotation":{"x":-0.20195604860782624,"y":-0.4504207670688629,"z":0.10537316650152207,"w":-0.8632739186286926},"size":5.786482810974121,"orthographic":false}