{"cameraMode":{"drawMode":0,"name":"Shaded","section":"Shading Mode"},"sceneLighting":false,"audioPlay":false,"sceneViewState":{"showFog":true,"showMaterialUpdate":false,"showSkybox":false,"showFlares":true,"showImageEffects":true,"showParticleSystems":true},"in2DMode":false,"pivot":{"x":-2.378204822540283,"y":1.3683480024337769,"z":5.6528425216674809},"rotation":{"x":0.009226749651134014,"y":0.8584983944892883,"z":-0.015454072505235672,"w":0.5125041604042053},"size":0.9628865122795105,"orthographic":false}