{"cameraMode":{"drawMode":0,"name":"Shaded","section":"Shading Mode"},"sceneLighting":false,"audioPlay":false,"sceneViewState":{"showFog":true,"showMaterialUpdate":false,"showSkybox":false,"showFlares":true,"showImageEffects":true,"showParticleSystems":true},"in2DMode":false,"pivot":{"x":-0.05922885239124298,"y":-6.705522537231445e-8,"z":-14.718738555908204},"rotation":{"x":0.08139809966087342,"y":0.1554328352212906,"z":-0.012852293439209462,"w":0.9844066500663757},"size":0.5167340040206909,"orthographic":false}