{"cameraMode":{"drawMode":0,"name":"Shaded","section":"Shading Mode"},"sceneLighting":true,"audioPlay":false,"sceneViewState":{"showFog":true,"showMaterialUpdate":false,"showSkybox":true,"showFlares":true,"showImageEffects":true,"showParticleSystems":true},"in2DMode":false,"pivot":{"x":-0.24971628189086915,"y":0.77811598777771,"z":-0.7559716701507568},"rotation":{"x":0.20804908871650697,"y":-0.6125199198722839,"z":0.1714990884065628,"w":0.7430569529533386},"size":3.3243796825408937,"orthographic":false}