{"cameraMode":{"drawMode":0,"name":"Shaded","section":"Shading Mode"},"sceneLighting":true,"audioPlay":false,"sceneViewState":{"showFog":true,"showMaterialUpdate":false,"showSkybox":true,"showFlares":true,"showImageEffects":true,"showParticleSystems":true},"in2DMode":false,"pivot":{"x":79.05484771728516,"y":-68.39315032958985,"z":-110.26838684082031},"rotation":{"x":-0.08419519662857056,"y":-0.9122314453125,"z":0.23809726536273957,"w":-0.3225804567337036},"size":95.24212646484375,"orthographic":false}