{"cameraMode":{"drawMode":0,"name":"Shaded","section":"Shading Mode"},"sceneLighting":false,"audioPlay":false,"sceneViewState":{"showFog":true,"showMaterialUpdate":true,"showSkybox":false,"showFlares":true,"showImageEffects":true,"showParticleSystems":true},"in2DMode":false,"pivot":{"x":-3.5263776779174806,"y":0.06410365551710129,"z":1.2165049314498902},"rotation":{"x":0.15593555569648744,"y":-0.8322904109954834,"z":0.2924773395061493,"w":0.44452401995658877},"size":0.7184596657752991,"orthographic":false}