{"cameraMode":{"drawMode":0,"name":"Shaded","section":"Shading Mode"},"sceneLighting":false,"audioPlay":false,"sceneViewState":{"showFog":true,"showMaterialUpdate":true,"showSkybox":false,"showFlares":true,"showImageEffects":true,"showParticleSystems":true},"in2DMode":false,"pivot":{"x":0.4665341377258301,"y":6.040534019470215,"z":-1.082961082458496},"rotation":{"x":-0.00858278851956129,"y":-0.9916951656341553,"z":0.09428635239601135,"w":-0.08800443261861801},"size":8.364927291870118,"orthographic":false}