{"cameraMode":{"drawMode":0,"name":"Shaded","section":"Shading Mode"},"sceneLighting":false,"audioPlay":false,"sceneViewState":{"showFog":true,"showMaterialUpdate":true,"showSkybox":true,"showFlares":true,"showImageEffects":true,"showParticleSystems":true},"in2DMode":false,"pivot":{"x":-1124.0645751953125,"y":460.72796630859377,"z":-732.591064453125},"rotation":{"x":0.09840141236782074,"y":0.854237973690033,"z":-0.17409132421016694,"w":0.4801138639450073},"size":1115.67138671875,"orthographic":false}