{"cameraMode":{"drawMode":0,"name":"Shaded","section":"Shading Mode"},"sceneLighting":false,"audioPlay":false,"sceneViewState":{"showFog":true,"showMaterialUpdate":true,"showSkybox":true,"showFlares":true,"showImageEffects":true,"showParticleSystems":true},"in2DMode":false,"pivot":{"x":123.58963012695313,"y":68.55476379394531,"z":-521.739501953125},"rotation":{"x":0.012093624100089074,"y":0.9369414448738098,"z":-0.3481787145137787,"w":0.03138153254985809},"size":178.2698516845703,"orthographic":false}